category,count,percentage
car,979,53.9691289966924
traffic sign,315,17.364939360529217
traffic light,290,15.986769570011026
person,144,7.938257993384785
truck,50,2.7563395810363835
bus,23,1.2679162072767365
bike,6,0.33076074972436603
rider,4,0.2205071664829107
motor,2,0.11025358324145534
train,1,0.05512679162072767
