timeofday,train_pct,val_pct
daytime,56.773239338203894,56.804976121945174
night,35.62138492713566,35.00910923536324
dawn/dusk,7.518963362085699,8.066793872556946
undefined,0.08641237257474708,0.1191207701346442
