category,count,percentage
car,713917,55.42790816841484
traffic sign,239893,18.62508831453172
traffic light,186224,14.458272839496589
person,91405,7.09660639280751
truck,30003,2.3294073803774817
bus,11684,0.9071358141629335
bike,7225,0.5609428498225946
rider,4521,0.3510065915637301
motor,3002,0.2330727245906476
train,136,0.01055892423195472
