category,train_pct,val_pct
car,55.42790816841484,55.25155503810787
traffic sign,18.62508831453172,18.815691601177193
traffic light,14.458272839496589,14.491230339682847
person,7.09660639280751,7.14832422409797
truck,2.3294073803774817,2.2880890010025547
bus,0.9071358141629335,0.8607957914254606
bike,0.5609428498225946,0.5427810657266368
rider,0.3510065915637301,0.3498161982687063
motor,0.2330727245906476,0.24363162036587865
train,0.01055892423195472,0.008085120144885353
