weather,train_pct,val_pct
clear,50.7638139455439,50.74437006133912
overcast,14.374112002236009,13.760335478585212
undefined,12.501688651485626,12.577751905393313
snowy,7.739070348832695,7.691105289824607
partly cloudy,7.532394934821935,7.994027791252978
rainy,6.944511300378102,7.111671679441156
foggy,0.1444088167017337,0.12073779416362128
