scene,train_pct,val_pct
city street,69.12135775343359,68.39095328956589
highway,19.719023920621733,19.619891551588456
residential,10.360789124308042,11.162316872028718
parking lot,0.43904938626252904,0.40371699923460863
undefined,0.26948548536113853,0.28513523710962346
tunnel,0.06832245091264819,0.091631361642034
gas stations,0.021971879100317542,0.046354688830676026
